{
  "_Edges": {
    "14-15": {
      "_src": 14,
      "_dest": 15,
      "_weight": 1.118950355920981,
      "color": {
        "value": -65281,
        "falpha": 0.0
      }
    },
    "12-11": {
      "_src": 12,
      "_dest": 11,
      "_weight": 1.0666986438224981,
      "color": {
        "value": -65281,
        "falpha": 0.0
      }
    },
    "14-13": {
      "_src": 14,
      "_dest": 13,
      "_weight": 1.3207562671517605,
      "color": {
        "value": -65281,
        "falpha": 0.0
      }
    },
    "10-11": {
      "_src": 10,
      "_dest": 11,
      "_weight": 1.4962204797190428,
      "color": {
        "value": -65281,
        "falpha": 0.0
      }
    },
    "12-13": {
      "_src": 12,
      "_dest": 13,
      "_weight": 1.5484109702862576,
      "color": {
        "value": -65281,
        "falpha": 0.0
      }
    },
    "16-15": {
      "_src": 16,
      "_dest": 15,
      "_weight": 1.5677693324851103,
      "color": {
        "value": -65281,
        "falpha": 0.0
      }
    },
    "0-1": {
      "_src": 0,
      "_dest": 1,
      "_weight": 1.232037506070033,
      "color": {
        "value": -65281,
        "falpha": 0.0
      }
    },
    "1-0": {
      "_src": 1,
      "_dest": 0,
      "_weight": 1.8635670623870366,
      "color": {
        "value": -65281,
        "falpha": 0.0
      }
    },
    "1-2": {
      "_src": 1,
      "_dest": 2,
      "_weight": 1.8015954015822042,
      "color": {
        "value": -65281,
        "falpha": 0.0
      }
    },
    "2-1": {
      "_src": 2,
      "_dest": 1,
      "_weight": 1.5784991011275615,
      "color": {
        "value": -65281,
        "falpha": 0.0
      }
    },
    "2-3": {
      "_src": 2,
      "_dest": 3,
      "_weight": 1.0631605142699874,
      "color": {
        "value": -65281,
        "falpha": 0.0
      }
    },
    "3-2": {
      "_src": 3,
      "_dest": 2,
      "_weight": 1.440561778177153,
      "color": {
        "value": -65281,
        "falpha": 0.0
      }
    },
    "3-4": {
      "_src": 3,
      "_dest": 4,
      "_weight": 1.2539385028794277,
      "color": {
        "value": -65281,
        "falpha": 0.0
      }
    },
    "4-3": {
      "_src": 4,
      "_dest": 3,
      "_weight": 1.8418222744214585,
      "color": {
        "value": -65281,
        "falpha": 0.0
      }
    },
    "2-6": {
      "_src": 2,
      "_dest": 6,
      "_weight": 1.7938753352369698,
      "color": {
        "value": -65281,
        "falpha": 0.0
      }
    },
    "6-2": {
      "_src": 6,
      "_dest": 2,
      "_weight": 1.8474047229605628,
      "color": {
        "value": -65281,
        "falpha": 0.0
      }
    },
    "4-5": {
      "_src": 4,
      "_dest": 5,
      "_weight": 1.1422264879958028,
      "color": {
        "value": -65281,
        "falpha": 0.0
      }
    },
    "5-4": {
      "_src": 5,
      "_dest": 4,
      "_weight": 1.5855912911662344,
      "color": {
        "value": -65281,
        "falpha": 0.0
      }
    },
    "10-9": {
      "_src": 10,
      "_dest": 9,
      "_weight": 1.5815006562559664,
      "color": {
        "value": -65281,
        "falpha": 0.0
      }
    },
    "5-6": {
      "_src": 5,
      "_dest": 6,
      "_weight": 1.734311926030133,
      "color": {
        "value": -65281,
        "falpha": 0.0
      }
    },
    "6-5": {
      "_src": 6,
      "_dest": 5,
      "_weight": 1.4964304236123005,
      "color": {
        "value": -65281,
        "falpha": 0.0
      }
    },
    "16-0": {
      "_src": 16,
      "_dest": 0,
      "_weight": 1.4418017651347552,
      "color": {
        "value": -65281,
        "falpha": 0.0
      }
    },
    "6-7": {
      "_src": 6,
      "_dest": 7,
      "_weight": 1.237565124536135,
      "color": {
        "value": -65281,
        "falpha": 0.0
      }
    },
    "7-6": {
      "_src": 7,
      "_dest": 6,
      "_weight": 1.5786081900467002,
      "color": {
        "value": -65281,
        "falpha": 0.0
      }
    },
    "7-8": {
      "_src": 7,
      "_dest": 8,
      "_weight": 1.3717352984705653,
      "color": {
        "value": -65281,
        "falpha": 0.0
      }
    },
    "8-7": {
      "_src": 8,
      "_dest": 7,
      "_weight": 1.2817370911337442,
      "color": {
        "value": -65281,
        "falpha": 0.0
      }
    },
    "8-9": {
      "_src": 8,
      "_dest": 9,
      "_weight": 1.5328553219807337,
      "color": {
        "value": -65281,
        "falpha": 0.0
      }
    },
    "9-8": {
      "_src": 9,
      "_dest": 8,
      "_weight": 1.9855087252581762,
      "color": {
        "value": -65281,
        "falpha": 0.0
      }
    },
    "13-14": {
      "_src": 13,
      "_dest": 14,
      "_weight": 1.011071987085077,
      "color": {
        "value": -65281,
        "falpha": 0.0
      }
    },
    "11-10": {
      "_src": 11,
      "_dest": 10,
      "_weight": 1.3784147388591739,
      "color": {
        "value": -65281,
        "falpha": 0.0
      }
    },
    "15-16": {
      "_src": 15,
      "_dest": 16,
      "_weight": 1.8726071511162605,
      "color": {
        "value": -65281,
        "falpha": 0.0
      }
    },
    "13-12": {
      "_src": 13,
      "_dest": 12,
      "_weight": 1.823489852982211,
      "color": {
        "value": -65281,
        "falpha": 0.0
      }
    },
    "11-12": {
      "_src": 11,
      "_dest": 12,
      "_weight": 1.9316059913913906,
      "color": {
        "value": -65281,
        "falpha": 0.0
      }
    },
    "15-14": {
      "_src": 15,
      "_dest": 14,
      "_weight": 1.635946027210021,
      "color": {
        "value": -65281,
        "falpha": 0.0
      }
    },
    "9-10": {
      "_src": 9,
      "_dest": 10,
      "_weight": 1.2861739185896588,
      "color": {
        "value": -65281,
        "falpha": 0.0
      }
    },
    "0-16": {
      "_src": 0,
      "_dest": 16,
      "_weight": 1.3118716362419698,
      "color": {
        "value": -65281,
        "falpha": 0.0
      }
    }
  },
  "_Nodes": {
    "0": {
      "_key": 0,
      "_gLoc": {
        "_x": 35.19589389346247,
        "_y": 32.10152879327731,
        "_z": 0.0
      },
      "color": {
        "value": -1,
        "falpha": 0.0
      },
      "tag": -1,
      "info": "-1",
      "maxDist": 1.7976931348623157E308,
      "mark": false
    },
    "1": {
      "_key": 1,
      "_gLoc": {
        "_x": 35.20319591121872,
        "_y": 32.10318254621849,
        "_z": 0.0
      },
      "color": {
        "value": -1,
        "falpha": 0.0
      },
      "tag": -1,
      "info": "-1",
      "maxDist": 1.7976931348623157E308,
      "mark": false
    },
    "2": {
      "_key": 2,
      "_gLoc": {
        "_x": 35.20752617756255,
        "_y": 32.1025646605042,
        "_z": 0.0
      },
      "color": {
        "value": -1,
        "falpha": 0.0
      },
      "tag": -1,
      "info": "-1",
      "maxDist": 1.7976931348623157E308,
      "mark": false
    },
    "3": {
      "_key": 3,
      "_gLoc": {
        "_x": 35.21007339305892,
        "_y": 32.10107446554622,
        "_z": 0.0
      },
      "color": {
        "value": -1,
        "falpha": 0.0
      },
      "tag": -1,
      "info": "-1",
      "maxDist": 1.7976931348623157E308,
      "mark": false
    },
    "4": {
      "_key": 4,
      "_gLoc": {
        "_x": 35.21310882485876,
        "_y": 32.104636394957986,
        "_z": 0.0
      },
      "color": {
        "value": -1,
        "falpha": 0.0
      },
      "tag": -1,
      "info": "-1",
      "maxDist": 1.7976931348623157E308,
      "mark": false
    },
    "5": {
      "_key": 5,
      "_gLoc": {
        "_x": 35.212111165456015,
        "_y": 32.106235628571426,
        "_z": 0.0
      },
      "color": {
        "value": -1,
        "falpha": 0.0
      },
      "tag": -1,
      "info": "-1",
      "maxDist": 1.7976931348623157E308,
      "mark": false
    },
    "6": {
      "_key": 6,
      "_gLoc": {
        "_x": 35.20797194027441,
        "_y": 32.104854472268904,
        "_z": 0.0
      },